btm_ratio,scaler_input,scenario_id,feasible,solver_status,solve_time,net_benefit,btm_savings,peak_savings,fcr_revenue,export_revenue,degradation_cost,baseline_cost,optimized_cost,total_demand_kwh,total_import_kwh,total_export_kwh,self_consumption_rate,grid_dependency,avg_soc_btm,avg_soc_ftm,avg_fcr_bid,fcr_participation_rate,peak_demand,peak_import,peak_reduction_pct,pct_from_btm,pct_from_peak,pct_from_fcr,pct_from_export,total_charge_kwh,total_discharge_kwh,equivalent_cycles,avg_power_utilization
0.2,1.0,btm0.2_scale1.0,True,optimal,868.0266208648682,762463.7748184364,1660.045475179381,102067.48841835684,344600.2224,495877.63464822876,0.19592524248490673,648513.7040575785,230649.95571389963,8825355.783538558,13038893.689623557,3969630.886562919,49.73802214003966,147.7435472226998,46.87364884978773,43.23474308267677,2419.2,100.0,2086.6658229733143,2494.234736756248,-19.5320644683864,0.3702749722442992,22.766265747670904,76.86345928008478,110.60605275653732,4633464.4330757605,4389557.413553678,729.1623610554283,34.060711974096556
0.5,1.0,btm0.5_scale1.0,True,optimal,3374.3121321201324,620614.0066875768,4705.059895629512,174780.63391106678,215375.1389999999,388961.33990659256,0.3613850294914567,648513.7040575785,243274.4749849723,8825355.783538558,12469634.987079121,3403867.1394444327,49.53025336357277,141.2932837261704,47.440340659361766,42.34375172310669,1512.0,100.0,2086.6658229733143,2116.8285787313116,-1.4455000616734104,1.1915742217797707,44.26385688059127,54.54456889762896,98.50593110028927,4611633.143919499,4371221.07982337,726.1164584424203,33.90908451967178
0.8,1.0,btm0.8_scale1.0,True,optimal,3829.1818611621857,314044.65352354926,10563.34717653626,207514.72345937372,0.0,197061.1186860907,2807.0257676573283,648513.7040575785,331662.0247663717,8825355.783538558,10904752.498418663,1887854.8178036285,41.718952137590605,123.56161911068433,44.075308598429466,42.03592665475369,141.2107030767841,33.97163322964527,2086.6658229733143,1946.927429645286,6.696730822423369,4.843837413699513,95.1561625863005,0.0,90.36264770293758,3873387.8523830087,3681845.955306535,611.6023181572317,28.520006600316368
